Symbol,Security,Sector,Market Cap,Price,Book Value,Earnings/Share,EBITDA,Price/Sales,52 week low,52 week high,Sub Industry,Address of Headquarters
MMM,3M Company,Industrials,112.74,189.09,17.26,8.16,8.7,3.74,158.28,190.54,Industrial Conglomerates,"St. Paul, Minnesota"
ABT,Abbott Laboratories,Health Care,77.76,45,13.94,0.94,4.59,3.74,36.76,45.83,Health Care Equipment,"North Chicago, Illinois"
ABBV,AbbVie Inc.,Health Care,101.52,63.69,2.91,3.63,10.95,3.95,54.41,68.12,Pharmaceuticals,"North Chicago, Illinois"
ACN,Accenture plc,Information Technology,77.29,124.14,11.95,6.76,5.66,2.3,102.1,125.72,IT Consulting & Other Services,"Dublin, Ireland"
ATVI,Activision Blizzard,Information Technology,36.13,48.06,12.23,1.28,2.14,5.44,30.37,48.36,Home Entertainment Software,"Santa Monica, California"
AYI,Acuity Brands Inc,Industrials,9,205.41,39.5,6.92,0.5862,2.64,193.06,280.89,Electrical Components & Equipment,"Atlanta, Georgia"
ADBE,Adobe Systems Inc,Information Technology,59.28,119.98,15.02,2.32,1.82,10.14,83.25,120.69,Application Software,"San Jose, California"
AMD,Advanced Micro Devices Inc,Information Technology,11.18,151.99,39.66,6.2,1.12,1.19,132.98,177.83,Semiconductors,"Sunnyvale, California"
AAP,Advance Auto Parts,Consumer Discretionary,7.47,11.33,4.24,-1.71,3.42,0.56,10.27,13.32,Automotive Retail,"Roanoke, Virginia"
AES,AES Corp,Utilities,45.93,130.59,50.84,6.41,6.2,0.73,104.59,136.5,Independent Power Producers & Energy Traders,"Arlington, Virginia"
AET,Aetna Inc,Health Care,9.44,166.56,63.84,8.57,0.835,4.32,130.48,179.85,Managed Health Care,"Hartford, Connecticut"
AMG,Affiliated Managers Group Inc,Financials,28.88,71.95,50.47,6.42,4.78,1.27,59.66,74.5,Asset Management & Custody Banks,"Beverly, Massachusetts"
AFL,AFLAC Inc,Financials,16.49,51.21,13.35,1.56,0.942,3.89,37.62,52.26,Life & Health Insurance,"Columbus, Georgia"
A,Agilent Technologies Inc,Health Care,30.38,139.64,32.91,2.6,3.13,3.18,123.05,150.45,Health Care Equipment,"Santa Clara, California"
APD,Air Products & Chemicals Inc,Materials,10.96,63.3,18.61,1.79,0.70798,4.67,47.8,71.64,Industrial Gases,"Allentown, Pennsylvania"
AKAM,Akamai Technologies Inc,Information Technology,11.74,95.12,23.77,6.54,1.82,2.01,54.51,101.43,Internet Software & Services,"Cambridge, Massachusetts"
ALK,Alaska Air Group Inc,Industrials,11.68,103.79,33.73,5.68,0.70201,4.29,58.6,105.2,Airlines,"Seattle, Washington"
ALB,Albemarle Corp,Materials,29.02,129.18,38.81,1.76,1.17,9.71,109.12,162,Specialty Chemicals,"Baton Rouge, Louisiana"
ARE,Alexandria Real Estate Equities Inc,Real Estate,6.96,72.86,1.19,2.36,0.4789,3.12,61.47,75,Office REITs,"Pasadena, California"
ALXN,Alexion Pharmaceuticals,Health Care,80.32,239.6,212.79,38.18,6.1,5.58,184.5,299.11,Biotechnology,"Cheshire, Connecticut"
ALLE,Allegion,Industrials,13.7,245.05,28.89,7.34,1.46,1.92,185.02,249.22,Building Products,"Dublin, Ireland"
AGN,"Allergan, Plc",Health Care,8.94,39.28,16.96,1.64,1.03,2.69,34.04,40.99,Pharmaceuticals,"Dublin, Ireland"
ADS,Alliance Data Systems,Information Technology,29.74,81.46,51.44,4.67,3.46,0.81,63.73,83.05,Data Processing & Outsourced Services,"Plano, Texas"
LNT,Alliant Energy Corp,Utilities,588.5,851.15,201.12,27.88,29.86,6.49,672.66,867,Electric Utilities,"Madison, Wisconsin"
ALL,Allstate Corp,Financials,575.2,831.91,201.12,27.88,29.86,6.34,663.28,841.95,Property & Casualty Insurance,"Northfield Township, Illinois"
GOOGL,Alphabet Inc Class A,Information Technology,147.64,76.1,6.58,7.28,9.5,7.58,59.48,76.3,Internet Software & Services,"Mountain View, California"
GOOG,Alphabet Inc Class C,Information Technology,403.7,846.02,40.43,4.9,11.67,2.97,538.58,860.86,Internet Software & Services,"Mountain View, California"
MO,Altria Group Inc,Consumer Staples,13.3,54.82,29.28,2.68,2.3,2.27,46.29,55.51,Tobacco,"Richmond, Virginia"
AMZN,Amazon.com Inc,Consumer Discretionary,22.61,44.84,7.46,4.81,7.83,0.57,24.85,50.64,Internet & Direct Marketing Retail,"Seattle, Washington"
AEE,Ameren Corp,Utilities,32.57,66.24,35.38,1.24,5.29,1.99,57.89,71.32,Multi-Utilities,"St. Louis, Missouri"
AAL,American Airlines Group,Industrials,71.72,79.58,22.68,5.65,0,2.4,57.15,82,Airlines,"Fort Worth, Texas"
AEP,American Electric Power,Utilities,62.15,63.45,76.66,-0.78,4.34,1.22,48.41,67.47,Electric Utilities,"Columbus, Ohio"
AXP,American Express Co,Financials,49,114.7,15.84,1.98,3.46,8.47,93.69,118.26,Consumer Finance,"New York, New York"
AIG,"American International Group, Inc.",Financials,13.7,76.89,29.3,2.62,1.62,4.17,66.63,85.24,Property & Casualty Insurance,"New York, New York"
AMT,American Tower Corp A,Real Estate,20.36,132.18,40.66,7.81,2.77,1.74,84.92,135.2,Specialized REITs,"Boston, Massachusetts"
AWK,American Water Works Company Inc,Utilities,19.22,88.48,9.75,5.99,2.16,0.13,68.38,94.5,Water Utilities,"Voorhees, New Jersey"
AMP,Ameriprise Financial,Financials,12.51,54.51,14.2,2.19,1.01,3.26,43.28,55.48,Asset Management & Custody Banks,"Minneapolis, Minnesota"
ABC,AmerisourceBergen Corp,Health Care,130.63,177.38,40.47,10.24,12,5.75,133.64,180.53,Health Care Distributors,"Chesterbrook, Pennsylvania"
AME,AMETEK Inc,Industrials,21.62,70.27,11.92,2.61,1.46,3.43,54.87,71,Electrical Components & Equipment,"Berwyn, Pennsylvania"
AMGN,Amgen Inc,Health Care,35.31,63.16,22.16,-5.9,2.97,4.19,40.02,73.33,Biotechnology,"Thousand Oaks, California"
APH,Amphenol Corp,Information Technology,25.79,83.41,17.16,2.93,1.37,7.13,52.17,84.24,Electronic Components,"Wallingford, Connecticut"
APC,Anadarko Petroleum Corp,Energy,43.89,166.01,95.17,9.21,5.78,0.52,114.85,169.2,Oil & Gas Exploration & Production,"The Woodlands, Texas"
ADI,"Analog Devices, Inc.",Information Technology,30.34,115.54,20.9,5.16,2.39,2.62,97.62,117.89,Semiconductors,"Norwood, Massachusetts"
ANTM,Anthem Inc.,Health Care,19.47,51.28,16.44,-3.71,2.4,3.78,44.75,69,Managed Health Care,"Indianapolis, Indiana"
AON,Aon plc,Financials,7.13,45.43,10.64,2.67,0.57096,7.29,38.05,47.91,Insurance Brokers,"London, United Kingdom"
APA,Apache Corporation,Energy,732,139.52,25.19,8.33,69.75,3.35,89.47,140.28,Oil & Gas Exploration & Production,"Houston, Texas"
AIV,Apartment Investment & Management,Real Estate,39.92,36.97,7.12,1.94,2.99,3.36,18.94,37.26,Residential REITs,"Denver, Colorado"
AAPL,Apple Inc.,Information Technology,25.39,44.46,29.97,2.16,2.54,0.41,34.55,47.88,"Technology Hardware, Storage & Peripherals","Cupertino, California"
AMAT,Applied Materials Inc,Information Technology,11.89,26.98,11.53,-2.31,2.29,0.98,16.75,30.69,Semiconductor Equipment,"Santa Clara, California"
ADM,Archer-Daniels-Midland Co,Consumer Staples,10.06,56.32,20.17,2.32,0.8687999999999999,1.82,40.76,57.82,Agricultural Products,"Decatur, Illinois"
ARNC,Arconic Inc,Industrials,5.54,99.6,73.26,9.13,1.04,0.74,75.2,101.32,Aerospace & Defense,"New York, New York"
AJG,Arthur J. Gallagher & Co.,Financials,257.21,41.88,20.06,2.1,49.74,1.57,36.1,43.89,Insurance Brokers,"Itasca, Illinois"
AIZ,Assurant Inc,Financials,18.15,82.07,3.33,-2.6,-0.2799,9.03,49.82,89.18,Multi-line Insurance,"New York, New York"
T,AT&T Inc,Telecommunication Services,46.81,104.27,8.5,3.72,2.73,3.91,84.36,105,Integrated Telecommunication Services,"Dallas, Texas"
ADSK,Autodesk Inc,Information Technology,4.57,45.26,22.95,4.15,0.9707,0.21,39.28,54.15,Application Software,"San Rafael, California"
ADP,Automatic Data Processing,Information Technology,20.29,712.72,-64.18,42.64,2.39,1.92,711,819.54,Internet Software & Services,"Roseland, New Jersey"
AN,AutoNation Inc,Consumer Discretionary,25.14,183.05,74.07,7.52,1.32,12.24,158.32,192.29,Specialty Stores,"Fort Lauderdale, Florida"
AZO,AutoZone Inc,Consumer Discretionary,7.09,80.4,10.48,3.54,0.7403,1.17,68.06,82.11,Specialty Stores,"Memphis, Tennessee"
AVB,"AvalonBay Communities, Inc.",Real Estate,25.27,59.41,29.76,-6.31,-0.121,2.59,38.16,68.59,Residential REITs,"Arlington, Virginia[3]"
AVY,Avery Dennison Corp,Materials,12.63,72.28,20.04,1.39,1.28,1.39,66.41,82.24,Paper Packaging,"Glendale, California"
BHI,Baker Hughes Inc,Energy,265.12,25.21,24.04,1.5,0,3.31,12.05,25.8,Oil & Gas Equipment & Services,"Houston, Texas"
BLL,Ball Corp,Materials,17.7,245.69,22.98,7.03,1.15,4.79,191.79,248.19,Metal & Glass Containers,"Broomfield, Colorado"
BAC,Bank of America Corp,Financials,27.57,51.04,15.36,9.01,1.97,2.69,38.99,51.4,Diversified Banks,"Charlotte, North Carolina"
BK,The Bank of New York Mellon Corp.,Financials,38.75,47.93,33.14,2.77,0,3.81,32.22,49.88,Asset Management & Custody Banks,"New York, New York"
BCR,Bard (C.R.) Inc.,Health Care,39.15,183.94,35.63,6.01,3.26,3.16,145.78,186.11,Health Care Equipment,"Murray Hill, New Jersey"
BAX,Baxter International Inc.,Health Care,5.73,39.01,17.82,4.71,1.5,0.48,38.58,52.33,Health Care Equipment,"Deerfield, Illinois"
BBT,BB&T Corporation,Financials,,,,,,,,,Regional Banks,"Winston-Salem, North Carolina"
BDX,Becton Dickinson,Health Care,13.96,44.55,15.03,3.81,2.6,0.35,28.76,49.4,Health Care Equipment,"Franklin Lakes, New Jersey"
BBBY,Bed Bath & Beyond,Consumer Discretionary,62.86,291.1,56.23,16.93,6.37,5.58,223.02,333.65,Specialty Stores,"Union, New Jersey"
BRK.B,Berkshire Hathaway,Financials,62.86,385.35,178.38,19.04,4.88,5.67,317.6,399.46,Multi-Sector Holdings,"Omaha, Nebraska"
BBY,Best Buy Co. Inc.,Consumer Discretionary,4.32,20.84,-2.64,1.56,0.82645,1.43,19.18,29.81,Computer & Electronics Retail,"Richfield, Minnesota"
BIIB,Biogen Inc.,Health Care,111.48,182.02,1.32,7.61,8.68,1.17,121.43,185.71,Biotechnology,"Weston, Massachusetts"
BLK,BlackRock,Financials,8.87,41.69,15.16,0.55,0.8076,0.98,27.52,43.43,Asset Management & Custody Banks,"New York, New York"
HRB,Block H&R,Financials,20.87,135.66,36.32,3.26,1.53,8.14,113.69,144.02,Consumer Finance,"Kansas City, Missouri"
BA,Boeing Company,Industrials,33.38,24.48,4.94,0.25,2.2,4.03,17.13,25.65,Aerospace & Defense,"Chicago, Illinois"
BWA,BorgWarner,Consumer Discretionary,94.22,56.33,9.68,2.65,6.7,4.91,46.01,77.12,Auto Parts & Equipment,"Auburn Hills, Michigan"
BXP,Boston Properties,Real Estate,87.48,219.25,47.7,-4.73,5.95,5.57,139.18,224.98,Office REITs,"Boston, Massachusetts"
BSX,Boston Scientific,Health Care,,,,2.96,,,,,Health Care Equipment,"Marlborough, Massachusetts[4]"
BMY,Bristol-Myers Squibb,Health Care,11.15,78.94,8.9,3.59,0.9007999999999999,0.85,65.57,81.16,Health Care Distributors,"New York, New York"
AVGO,Broadcom,Information Technology,13.36,31.97,13.49,1.89,1.28,3.4,29.12,34.99,Semiconductors,"San Jose, California"
BF.B,Brown-Forman Corp.,Consumer Staples,10.67,22.93,5.52,-0.91,0.46353,9.01,19.77,26.74,Distillers & Vintners,"Louisville, Kentucky"
CHRW,C. H. Robinson Worldwide,Industrials,18.08,59.09,4.83,1.61,1.57,2.29,52.58,67.89,Air Freight & Logistics,"Eden Prairie, Minnesota"
CA,"CA, Inc.",Information Technology,44.57,92.82,98.96,6.89,0,2.35,58.03,96.92,Systems Software,"Islandia, New York"
COG,Cabot Oil & Gas,Energy,25.62,81.21,17.91,4.15,3.07,0.2,62.7,87.85,Oil & Gas Exploration & Production,"Houston, Texas"
CPB,Campbell Soup,Consumer Staples,11.94,63.81,16.09,3.16,1.21,0.73,45.06,69.11,Packaged Foods & Meats,"Camden, New Jersey"
COF,Capital One Financial,Financials,40.31,55.53,31.12,3.72,4.76,2.47,42.94,57.79,Consumer Finance,"Tysons Corner, Virginia"
CAH,Cardinal Health Inc.,Health Care,56.26,95.93,22.4,-0.12,4.92,1.46,69.04,99.46,Health Care Distributors,"Dublin, Ohio"
CBOE,CBOE Holdings,Financials,6.34,77.97,3.91,2.27,0.35725999999999997,9.65,61.22,81.36,Financial Exchanges & Data,"Chicago, Illinois"
KMX,Carmax Inc,Consumer Discretionary,12.02,36.16,9.07,1.69,1.2,0.91,24.11,36.59,Specialty Stores,"Richmond, Virginia"
CCL,Carnival Corp.,Consumer Discretionary,27.82,67.94,8.95,2.81,3.1,2.11,48.88,68.59,"Hotels, Resorts & Cruise Lines","Miami, Florida"
CAT,Caterpillar Inc.,Industrials,94.97,122.08,8.48,2.49,4.01,8.56,94.39,127,Construction Machinery & Heavy Trucks,"Peoria, Illinois"
CBG,CBRE Group,Real Estate,12.14,70.56,34.29,3.43,1.97,0.32,50,75.57,Real Estate Services,"Los Angeles, California"
CBS,CBS Corp.,Consumer Discretionary,12.06,28,8.03,1,2.09,1.6,19.83,28.08,Broadcasting,"New York, New York"
CELG,Celgene Corp.,Health Care,12.3,22.5,24.52,1.16,6.49,0.72,22.37,33.45,Biotechnology,"Summit, New Jersey"
CNC,Centene Corporation,Health Care,18.12,54.97,11.92,1.85,1.32,3.86,47.01,67.5,Managed Health Care,"St Louis, Missouri"
CNP,CenterPoint Energy,Utilities,7.04,30.2,14.36,-1.19,1.24,1.95,20.77,37.17,Multi-Utilities,"Houston, Texas"
CTL,CenturyLink Inc,Telecommunication Services,55.61,41.66,10.23,1.31,0,7.53,23.83,43.36,Integrated Telecommunication Services,"Monroe, Louisiana"
CERN,Cerner,Health Care,86.92,323.24,149.27,15.95,10.73,3,182.75,341.5,Health Care Technology,"North Kansas City, Missouri"
CF,CF Industries Holdings Inc,Materials,4.67,5.26,-3.59,-33.88,0.215,0.61,3.53,8.2,Fertilizers & Agricultural Chemicals,"Deerfield, Illinois"
SCHW,Charles Schwab Corporation,Financials,211.67,111.81,76.95,-0.27,13.36,2.07,89.47,119,Investment Banking & Brokerage,"San Francisco, California"
CHTR,Charter Communications,Consumer Discretionary,11.65,404.9,48.67,0.77,0.20481,3.03,352.96,521.51,Cable & Satellite,"Stamford, Connecticut"
CHK,Chesapeake Energy,Energy,64,137.41,103.6,8.87,5.69,2.04,115.5,140.55,Oil & Gas Exploration & Production,"Oklahoma City, Oklahoma"
CVX,Chevron Corp.,Energy,12.62,49.55,7.79,1.75,0.8367,3.62,42.56,53.68,Integrated Oil & Gas,"San Ramon, California"
CMG,Chipotle Mexican Grill,Consumer Discretionary,39.03,151.84,53.42,7.19,3.85,0.99,115.03,154.24,Restaurants,"Denver, Colorado"
CB,Chubb Limited,Financials,11.6,124.25,25.27,-4.62,0.58573,9.31,86.08,146.96,Property & Casualty Insurance,"Zurich, Switzerland"
CHD,Church & Dwight,Consumer Staples,12.05,73.17,42.95,3.55,0.913,2.21,63.57,79.6,Household Products,"Ewing, New Jersey"
CI,CIGNA Corp.,Health Care,12.42,118.27,19.29,4.8,0.9832799999999999,2.45,85.86,122.21,Managed Health Care,"Philadelphia, Pennsylvania"
XEC,Cimarex Energy,Energy,171.27,34.2,12.74,1.94,14.67,3.53,25.81,34.53,Oil & Gas Exploration & Production,"Denver, Colorado"
CINF,Cincinnati Financial,Financials,167.63,60.5,74.26,4.72,0,2.65,38.31,61.94,Property & Casualty Insurance,"Fairfield, Ohio"
CTAS,Cintas Corporation,Industrials,19.33,37.97,38.09,1.97,0,3.99,18.34,39.75,Diversified Support Services,"Mason, Ohio"
CSCO,Cisco Systems,Information Technology,12.49,79.9,16.69,3.41,1.03,3.64,59.05,81.1,Communications Equipment,"San Jose, California"
C,Citigroup Inc.,Financials,41.97,123.56,60.14,4.53,2.45,11.72,89,127.6,Diversified Banks,"New York, New York"
CFG,Citizens Financial Group,Financials,12.42,44.44,15.23,1.98,2,1.94,38.78,46.25,Regional Banks,"Providence, Rhode Island"
CTXS,Citrix Systems,Information Technology,10.61,37.82,10.02,1.82,0.8989,2.35,34.07,43.71,Internet Software & Services,"Fort Lauderdale, Florida"
CLX,The Clorox Company,Consumer Staples,180.28,41.99,5.38,1.49,11.53,4.33,39.88,47.13,Household Products,"Oakland, California"
CME,CME Group Inc.,Financials,35.2,57.84,17.65,2.55,2.67,2.65,45.44,63.23,Financial Exchanges & Data,"Chicago, Illinois"
CMS,CMS Energy,Utilities,65.08,73.72,-0.28,2.72,4.42,4.29,63.43,75.38,Multi-Utilities,"Jackson, Michigan"
COH,Coach Inc.,Consumer Discretionary,177.45,37.42,11.38,1.78,26.48,2.21,29.03,38.44,"Apparel, Accessories & Luxury Goods","New York, New York"
KO,Coca-Cola Company (The),Consumer Staples,12.77,72.63,44.47,2.68,0,4.95,35.58,75,Soft Drinks,"Atlanta, Georgia"
CTSH,Cognizant Technology Solutions,Information Technology,17.73,40.75,10.22,1.42,1.83,1.6,33.61,48.86,IT Consulting & Other Services,"Teaneck, New Jersey"
CL,Colgate-Palmolive,Consumer Staples,19.35,133.54,52.61,-10.85,0.5718099999999999,11.88,94.26,147.55,Household Products,"New York, New York"
CMCSA,Comcast Corp.,Consumer Discretionary,58.97,47.72,28.27,-2.91,4.86,2.5,38.19,53.17,Cable & Satellite,"Philadelphia, Pennsylvania"
CMA,Comerica Inc.,Financials,23.38,76.64,46.88,4.12,3.69,1.94,68.76,81.88,Diversified Banks,"Dallas, Texas"
CAG,Conagra Brands,Consumer Staples,30.82,157.21,35.26,6.46,2.4,4.27,139.11,173.55,Packaged Foods & Meats,"Chicago, Illinois"
CXO,Concho Resources,Energy,25.73,27.72,16.84,3.23,2.56,2.74,18.21,28.36,Oil & Gas Exploration & Production,"Midland, Texas"
COP,ConocoPhillips,Energy,73.3,167,28.34,5.42,5.03,0.6,138.57,178.71,Oil & Gas Exploration & Production,"Houston, Texas"
ED,Consolidated Edison,Utilities,14.05,18.8,13.11,-0.03,0.8432999999999999,2.62,17.94,31.6,Electric Utilities,"New York, New York"
STZ,Constellation Brands,Consumer Staples,32.99,91.5,20.96,0.95,2.07,8.46,79.38,102.82,Distillers & Vintners,"Victor, New York"
COO,The Cooper Companies,Health Care,4.65,28.5,1.87,1.18,0.7455700000000001,0.93,21.95,33.54,Health Care Supplies,"Pleasanton, California"
GLW,Corning Inc.,Information Technology,44.88,48.44,12.58,1.81,4.69,4.17,24.36,50.31,Electronic Components,"Corning, New York"
COST,Costco Wholesale Corp.,Consumer Staples,25.48,152.1,41.04,8.23,2.31,1.46,100.43,154.67,Hypermarkets & Super Centers,"Issaquah, Washington"
COTY,"Coty, Inc",Consumer Staples,85.74,80.81,34.71,4.91,13.05,0.48,69.3,106.67,Personal Products,"New York, NY"
CCI,Crown Castle International Corp.,Real Estate,12.27,32.85,18.7,2.49,1.52,0.96,26.69,34.56,Specialized REITs,"Houston, Texas"
CSRA,CSRA Inc.,Information Technology,59.67,86.07,33.23,3.65,4.12,3.54,75.71,102.79,IT Consulting & Other Services,"Falls Church, Virginia"
CSX,CSX Corp.,Industrials,9.25,74.51,14.93,3.41,0.9302,1.33,59.5,79.43,Railroads,"Jacksonville, Florida"
CMI,Cummins Inc.,Industrials,13.26,68.13,23.89,4.29,2.5,0.92,54.5,78.77,Industrial Machinery,"Columbus, Indiana"
CVS,CVS Health,Consumer Staples,35.09,110.24,21.44,4.62,3.89,1.33,74.91,112.18,Drug Retail,"Woonsocket, Rhode Island"
DHI,D. R. Horton,Consumer Discretionary,20.48,75.97,8.9,4.59,2.98,1.23,58.04,78.12,Homebuilding,"Fort Worth, Texas"
DHR,Danaher Corp.,Health Care,34.68,47.64,16.88,5.79,8.24,0.9,32.6,52.76,Health Care Equipment,"Washington, D.C."
DRI,Darden Restaurants,Consumer Discretionary,14.37,62.55,35.26,1.94,0.7795,3.85,55,65.83,Restaurants,"Orlando, Florida"
DVA,DaVita Inc.,Health Care,22.85,43.56,11.33,-6.52,2.32,2.22,21.15,50.69,Health Care Facilities,"Denver, Colorado"
DE,Deere & Co.,Industrials,17.12,107.48,25.68,2.2,1.17,7.94,83.4,113.21,Agricultural & Farm Machinery,"Moline, Illinois"
DLPH,Delphi Automotive PLC,Consumer Discretionary,27.37,70.98,27.68,5.77,0,3.77,47.5,74.33,Auto Parts & Equipment,"Gillingham, Kent, United Kingdom"
DAL,Delta Air Lines Inc.,Industrials,16.24,27.75,8.83,1.96,2.44,2.5,23.66,29.91,Airlines,"Atlanta, Georgia"
XRAY,Dentsply Sirona,Health Care,15.92,27.2,8.83,1.96,2.44,2.45,22.43,29.07,Health Care Supplies,"York, Pennsylvania"
DVN,Devon Energy Corp.,Energy,19.71,71.36,19.41,4.26,2.37,0.94,66.5,96.88,Oil & Gas Exploration & Production,"Oklahoma City, Oklahoma"
DLR,Digital Realty Trust Inc,Real Estate,17.76,75.22,22.83,3.78,2.34,0.87,72.55,99.93,Specialized REITs,"San Francisco, California"
DFS,Discover Financial Services,Financials,47.81,76.12,23.26,3.44,5.8,4.08,68.71,78.97,Consumer Finance,"Riverwoods, Illinois"
DISCA,Discovery Communications-A,Consumer Discretionary,12.35,79.39,24.45,3.25,1.12,1.84,58.91,82.56,Cable & Satellite,"Silver Spring, Maryland"
DISCK,Discovery Communications-C,Consumer Discretionary,76.62,63.15,21.46,3.52,8.69,1.6,47.51,64.36,Cable & Satellite,"Silver Spring, Maryland"
DISH,Dish Network,Consumer Discretionary,17.25,94.23,11.65,4.54,1.65,2.68,81.05,98.8,Cable & Satellite,"Meridian, Colorado"
DG,Dollar General,Consumer Discretionary,18.22,101.55,50.22,4.83,2.24,1.72,84.77,102.1,General Merchandise Stores,"Goodlettsville, Tennessee"
DLTR,Dollar Tree,Consumer Discretionary,68.64,79.39,11.31,2.86,5.07,2.81,61.12,80.66,General Merchandise Stores,"Chesapeake, Virginia"
D,Dominion Resources,Utilities,57.15,81.69,58.62,3.12,10.03,2.56,72.34,87.75,Electric Utilities,"Richmond, Virginia"
DOV,Dover Corp.,Industrials,3.94,107.14,-27.23,2.65,0.45,2.32,96.46,141.57,Industrial Machinery,"Downers Grove, Illinois"
DOW,Dow Chemical,Materials,9.63,35.07,21.41,1.98,0,4.63,21.52,38.61,Diversified Chemicals,"Midland, Michigan"
DPS,Dr Pepper Snapple Group,Consumer Staples,11.56,78.92,30.94,5.75,2.11,1.29,62.7,82.1,Soft Drinks,"Plano, Texas"
DTE,DTE Energy Co.,Utilities,32.17,71.54,33.15,4.21,3.19,1.64,54.3,73.86,Multi-Utilities,"Detroit, Michigan"
DD,Du Pont (E.I.),Materials,36.38,33.47,9.69,6.35,3.01,4.07,22.3,34.43,Diversified Chemicals,"Wilmington, Delaware"
DUK,Duke Energy,Utilities,36.38,124.72,23.65,4.14,2.87,2.77,102.38,126.17,Electric Utilities,"Charlotte, North Carolina"
DXC,DXC Technology,Information Technology,25.82,79.25,36.82,3.98,3.96,2.18,67.44,80.61,IT Consulting & Other Services,"Tysons Corner, Virginia"
ETFC,E*Trade,Financials,19.24,90.54,12.38,2.61,0.8947,6.45,81.12,121.75,Investment Banking & Brokerage,"New York, New York"
EMN,Eastman Chemical,Materials,27.22,88.3,11.56,4.12,1.24,5.81,61.1,88.85,Diversified Chemicals,"Kingsport, Tennessee"
ETN,Eaton Corporation,Industrials,38.85,60.22,12,2.46,3.11,2.7,48.45,64.36,Electrical Components & Equipment,"Dublin, Ireland"
EBAY,eBay Inc.,Information Technology,13.45,75,45.12,-3.26,3.74,1.24,66.71,82.08,Internet Software & Services,"San Jose, California"
ECL,Ecolab Inc.,Materials,7.69,66.14,57.91,-0.47,0.7955,2.13,57.32,83.27,Specialty Chemicals,"St. Paul, Minnesota"
EIX,Edison Int'l,Utilities,57.41,99.53,24.24,-1.98,2.68,7.65,68.74,109.37,Electric Utilities,"Rosemead, California"
EW,Edwards Lifesciences,Health Care,10.16,58.79,33.91,-2.71,0.71958,5.59,56.78,80.61,Health Care Equipment,"Irvine, California"
EA,Electronic Arts,Information Technology,15.75,131.37,22.21,4.04,1.12,5.03,105.52,136.97,Home Entertainment Software,"Redwood City, California"
EMR,Emerson Electric Company,Industrials,26.88,375.24,61.14,1.79,1.5,7.49,299.29,391.07,Electrical Components & Equipment,"Ferguson, Missouri"
ETR,Entergy Corp.,Utilities,22.96,62.55,27.86,11.68,1.57,9.45,58.28,75.49,Electric Utilities,"New Orleans, Louisiana"
EVHC,Envision Healthcare,Health Care,15.32,233.7,94.5,6.27,0.89818,11.41,200.01,237.5,Health Care Services,"Nashville, Tennessee"
EOG,EOG Resources,Energy,30.33,82.77,10.36,2.89,2.2,2.66,75.29,97.48,Oil & Gas Exploration & Production,"Houston, Texas"
EQT,EQT Corporation,Energy,18.56,58.56,33.8,2.96,2.55,2.42,50.56,60.44,Oil & Gas Exploration & Production,"Pittsburgh, Pennsylvania"
EFX,Equifax Inc.,Industrials,33.48,36.13,27.96,1.22,9.13,1.07,29.82,37.7,Research & Consulting Services,"Atlanta, Georgia"
EQIX,Equinix,Real Estate,18.34,122.39,27.54,1.82,1.07,2.07,96.58,133.55,Specialized REITs,"Redwood City, California"
EQR,Equity Residential,Real Estate,10.1,56.05,10.26,2.36,0.71696,1.67,46.42,57.35,Residential REITs,"Chicago, Illinois"
ESS,"Essex Property Trust, Inc.",Real Estate,40.82,67.39,26.81,5.39,7.1,0.42,64.46,80.02,Residential REITs,"Palo Alto, California"
EL,Estee Lauder Cos.,Consumer Staples,9.92,78.99,17.88,2.91,0.6492899999999999,9.93,68.09,94.81,Personal Products,"New York, New York"
ES,Eversource Energy,Utilities,342.17,82.52,40.34,1.88,23.24,1.74,80.76,95.55,Multi-Utilities,"Springfield, Massachusetts"
EXC,Exelon Corp.,Utilities,9.3,143.6,18.44,5.54,0.61023,4.53,93.64,148.34,Multi-Utilities,"Chicago, Illinois"
EXPE,Expedia Inc.,Consumer Discretionary,396.79,137.3,20.51,3.49,14.84,14.37,105.49,138.37,Internet & Direct Marketing Retail,"Bellevue, Washington"
EXPD,Expeditors International,Industrials,14.86,51.37,6.68,1.73,0.89936,3.81,37.7,52.64,Air Freight & Logistics,"Seattle, Washington"
ESRX,Express Scripts,Health Care,9.62,133.39,27.32,3.5,0.51283,12.08,132.91,171.08,Health Care Distributors,"Cool Valley, Missouri"
EXR,Extra Space Storage,Real Estate,51.41,192.91,54.52,6.8,7.86,0.94,139.58,201.57,Specialized REITs,"Salt Lake City, Utah"
XOM,Exxon Mobil Corp.,Energy,27.17,82.64,29.7,1.72,2.27,2.94,59.11,83.86,Integrated Oil & Gas,"Irving, Texas"
FFIV,F5 Networks,Information Technology,20.55,27.37,19.82,1.93,0,3.56,16.02,28.97,Communications Equipment,"Seattle, Washington"
FB,"Facebook, Inc.",Information Technology,3.39,32.63,50.1,-3.48,0.57174,1.17,28.6,74.29,Internet Software & Services,"Menlo Park, California"
FAST,Fastenal Co,Industrials,13.8,31.18,14.11,-14.5,4.12,0.98,29.33,36.6,Building Products,"Winona, Minnesota"
FRT,Federal Realty Investment Trust,Real Estate,25.09,116.95,11.79,4.15,1.72,4.56,92.81,117.54,Retail REITs,"Rockville, Maryland"
FDX,FedEx Corporation,Industrials,4.98,36.5,12.31,1.2,0.35466000000000003,2.99,28.26,37.44,Air Freight & Logistics,"Memphis, Tennessee"
FIS,Fidelity National Information Services,Information Technology,6,46,12.7,1.11,0.47792,1.51,39.13,52.5,Internet Software & Services,"Jacksonville, Florida"
FITB,Fifth Third Bancorp,Financials,7.68,55.08,22.44,2,0.88816,0.4,44.05,58.37,Regional Banks,"Cincinnati, Ohio"
FE,FirstEnergy Corp,Utilities,7.9,59.09,14.64,1.56,0.7143999999999999,2.41,36.72,62.84,Electric Utilities,"Akron, Ohio"
FISV,Fiserv Inc,Information Technology,3.76,31.9,43.01,2.47,1.16,0.43,30.61,36.14,Internet Software & Services,"Brookfield, Wisconsin"
FLIR,FLIR Systems,Information Technology,10.09,75.72,20.33,4.91,1.16,1.31,50.9,79.43,Electronic Equipment & Instruments,"Wilsonville, Oregon"
FLS,Flowserve Corporation,Industrials,49.52,12.46,7.34,1.15,13.3,0.33,11.07,14.22,Industrial Machinery,"Irving, Texas"
FLR,Fluor Corp.,Industrials,20.13,58.2,7.77,2.51,1.44,3.24,43,59.24,Construction & Engineering,"Irving, Texas"
FMC,FMC Corporation,Materials,8.87,57.92,15.39,2.62,0.7747,1.78,50.39,64.47,Fertilizers & Agricultural Chemicals,"Philadelphia, Pennsylvania"
FL,Foot Locker Inc,Consumer Discretionary,23.96,42.38,21.15,2.97,2.32,3.73,30.56,44.1,Apparel Retail,"New York, New York"
F,Ford Motor,Consumer Discretionary,18.34,12.69,4.19,-3.15,3.85,1.26,8.47,17.06,Automobile Manufacturers,"Dearborn, Michigan"
FTV,Fortive Corp,Industrials,3.07,2.62,3.85,-0.51,3.47,0.36,2.57,5.75,Industrial Machinery,"Everett, Washington"
FBHS,Fortune Brands Home & Security,Industrials,9.65,24.18,7.28,1.69,1.92,0.63,17,30.74,Building Products,"Deerfield, Illinois"
BEN,Franklin Resources,Financials,9.71,51.51,18.13,2.7,0.71025,3.23,38.4,56.19,Asset Management & Custody Banks,"San Mateo, California"
FCX,Freeport-McMoRan Inc.,Materials,57.69,191.47,36.43,9.52,4.76,1.83,127.74,193.17,Copper,"Phoenix, Arizona"
GPS,Gap Inc.,Consumer Discretionary,260.52,29.86,8.67,0.89,17.14,2.18,28.19,33,Apparel Retail,"San Francisco, California"
GRMN,Garmin Ltd.,Consumer Discretionary,21.14,23.92,9.5,1.34,1.86,8.25,23.7,32.1,Consumer Electronics,"Schaffhausen, Switzerland"
IT,Gartner Inc,Information Technology,34.95,60.25,7.2,2.68,3.38,2.2,58.7,72.95,IT Consulting & Other Services,"Stamford, Connecticut"
GD,General Dynamics,Industrials,56.2,37.52,29.22,6,19.68,0.34,27.34,38.55,Aerospace & Defense,"Falls Church, Virginia"
GE,General Electric,Industrials,13.88,93.52,21.52,4.59,1.22,0.91,86.61,105.97,Industrial Conglomerates,"Fairfield, Connecticut"
GGP,General Growth Properties Inc.,Real Estate,90.21,69.02,14.42,9.94,19.22,3.02,65.38,103.1,Retail REITs,"Chicago, Illinois"
GIS,General Mills,Consumer Staples,12.31,80.89,17.29,1.39,0.9893500000000001,3.23,58.11,81.56,Packaged Foods & Meats,"Golden Valley, Minnesota"
GM,General Motors,Consumer Discretionary,104.08,250.9,182.46,16.29,0,3.42,138.2,255.15,Automobile Manufacturers,"Detroit, Michigan"
GPC,Genuine Parts,Consumer Discretionary,8.88,35.27,17.91,4.74,2.51,0.59,24.31,36.61,Specialty Stores,"Atlanta, Georgia"
GILD,Gilead Sciences,Health Care,14.74,250.59,30.58,9.87,1.46,1.46,201.94,262.71,Biotechnology,"Foster City, California"
GPN,Global Payments Inc,Information Technology,45.92,52.97,10.86,-6.69,2.16,2.94,33.26,58.78,Data Processing & Outsourced Services,"Atlanta, Georgia"
GS,Goldman Sachs Group,Financials,7.57,19.98,3.23,1.41,1.01,1.28,18.91,30.42,Investment Banking & Brokerage,"New York, New York"
GT,Goodyear Tire & Rubber,Consumer Discretionary,10.09,57.78,11,3.83,1.28,1.68,41.63,62.35,Tires & Rubber,"Akron, Ohio"
GWW,Grainger (W.W.) Inc.,Industrials,7.79,111.43,36.87,5.06,0.8603500000000001,1.08,64.93,111.85,Industrial Machinery,"Lake Forest, Illinois"
HAL,Halliburton Co.,Energy,13.66,109.73,25.4,5.28,1.58,1.85,73.32,111.67,Oil & Gas Equipment & Services,"Houston, Texas"
HBI,Hanesbrands Inc,Consumer Discretionary,18.01,48.66,45.2,2.27,1.48,0.99,38.92,50.13,"Apparel, Accessories & Luxury Goods","Winston-Salem, North Carolina"
HOG,Harley-Davidson,Consumer Discretionary,12.08,97.2,14.96,4.34,0.97538,2.4,76.14,99.33,Motorcycle Manufacturers,"Milwaukee, Wisconsin"
HRS,Harris Corporation,Information Technology,32.07,86.63,-19.71,7.3,8.16,0.78,67,88.62,Communications Equipment,"Melbourne, Florida"
HIG,Hartford Financial Svc.Gp.,Financials,14.65,31.3,11.85,1.34,1.28,6.93,27.61,40.43,Property & Casualty Insurance,"Hartford, Connecticut"
HAS,Hasbro Inc.,Consumer Discretionary,7.42,68.37,41.23,-1.02,0.49541,5.03,55.75,85.78,Leisure Products,"Pawtucket, Rhode Island"
HCA,HCA Holdings,Health Care,13.55,171.06,35.18,6.19,0.98724,1.17,146.23,183,Health Care Facilities,"Nashville, Tennessee"
HCP,HCP Inc.,Real Estate,15.67,49.51,45.92,-19.92,0.936,3.44,45.37,65.56,Health Care REITs,"Long Beach, California"
HP,Helmerich & Payne,Energy,37.95,22.82,18.94,1.84,7.8,0.79,15.3,24.88,Oil & Gas Drilling,"Tulsa, Oklahoma[5]"
HSIC,Henry Schein,Health Care,11.44,40.96,8.02,1.17,1.04,4,32.64,42.17,Health Care Distributors,"Melville, New York"
HSY,The Hershey Company,Consumer Staples,176.1,146.02,3.59,6.45,15.4,1.86,119.2,148.26,Packaged Foods & Meats,"Hershey, Pennsylvania"
HES,Hess Corporation,Energy,96.11,126.26,25.46,6.2,7.71,2.44,105.25,127.41,Integrated Oil & Gas,"New York, New York"
HPE,Hewlett Packard Enterprise,Information Technology,18.42,34.85,8.66,1.65,1.41,1.95,33.18,44.73,"Technology Hardware, Storage & Peripherals","Palo Alto, California"
HOLX,Hologic,Health Care,13.44,18.18,9.48,1.02,1.42,2.51,14.3,20.21,Health Care Equipment,"Marlborough, Massachusetts"
HD,Home Depot,Consumer Discretionary,29.43,17.27,-2.54,1.47,4.26,0.61,11.09,17.81,Home Improvement Retail,"Atlanta, Georgia"
HON,Honeywell Int'l Inc.,Industrials,32.55,217.95,71.57,4.07,2.06,0.58,150,218.93,Industrial Conglomerates,"Morristown, New Jersey"
HRL,Hormel Foods Corp.,Consumer Staples,15.46,14.24,8.51,0.7,0,4.67,8.05,14.74,Packaged Foods & Meats,"Austin, Minnesota"
HST,Host Hotels & Resorts,Real Estate,12.94,147.03,-1.23,2.44,0.43068,7.29,72.29,148.22,Hotel & Resort REITs,"Bethesda, Maryland"
HPQ,HP Inc.,Information Technology,46.4,133.9,12.26,5.7,3.53,3.42,96.13,135.24,"Technology Hardware, Storage & Peripherals","Palo Alto, California"
HUM,Humana Inc.,Health Care,24.22,165.58,15.03,3.07,0.71878,10.17,119.37,186.88,Managed Health Care,"Louisville, Kentucky"
HBAN,Huntington Bancshares,Financials,25.27,133.39,2.22,0.54,0.19085,23.02,60.3,137.76,Regional Banks,"Columbus, Ohio"
IDXX,IDEXX Laboratories,Health Care,20.65,79.59,25.65,5.65,1.92,1.52,56.73,82.17,Health Care Equipment,"Westbrook, Maine"
ITW,Illinois Tool Works,Industrials,169.26,35.8,14,2.12,22.87,2.83,29.5,38.45,Industrial Machinery,"Glenview, Illinois"
ILMN,Illumina Inc,Health Care,6.75,58.63,26.42,2.37,2.75,1.51,45.44,60.54,Life Sciences Tools & Services,"San Diego, California"
IR,Ingersoll-Rand PLC,Industrials,170.14,180.38,19.29,12.38,18.55,2.13,138.09,182.79,Industrial Machinery,"Dublin, Ireland"
INTC,Intel Corp.,Information Technology,21.17,51.48,10.56,2.18,2.87,1.02,37.88,58.86,Semiconductors,"Santa Clara, California"
ICE,Intercontinental Exchange,Financials,9.5,24.2,5.15,1.49,1.1,1.21,20.82,25.33,Financial Exchanges & Data,"Atlanta, Georgia"
IBM,International Business Machines,Information Technology,9.79,123.89,20.53,5.05,0.67298,3.15,106.11,143.64,IT Consulting & Other Services,"Armonk, New York"
INCY,Incyte,Health Care,32.08,125.4,3.07,3.72,1.41,6.65,96.85,128.45,Biotechnology,"Wilmington, Delaware"
IP,International Paper,Materials,28.32,730.15,148.91,18.73,1.05,10.55,561.02,746.28,Paper Packaging,"Memphis, Tennessee"
IPG,Interpublic Group,Consumer Discretionary,12.91,31.96,18.58,2.06,1.33,2.75,23.01,33.46,Advertising,"New York, New York"
IFF,Intl Flavors & Fragrances,Materials,9.44,35.79,7.34,0.42,1.11,2.71,30.32,41.5,Specialty Chemicals,"New York, New York"
INTU,Intuit Inc.,Information Technology,10.75,96.6,12.7,3.81,1.08,1.67,75.71,102.38,Internet Software & Services,"Mountain View, California"
ISRG,Intuitive Surgical Inc.,Health Care,6.84,56.51,33.59,1.85,0.64212,0.64,39.88,63.42,Health Care Equipment,"Sunnyvale, California"
IVZ,Invesco Ltd.,Financials,16.21,139.17,62.19,5.74,1.66,2.2,122.05,157.31,Asset Management & Custody Banks,"Atlanta, Georgia"
IRM,Iron Mountain Incorporated,Real Estate,335.99,123.83,26.02,5.93,24.96,4.67,106.07,126.07,Specialized REITs,"Boston, Massachusetts"
JEC,Jacobs Engineering Group,Industrials,38.93,41.47,20.86,-1.34,3.76,0.98,36.29,48.97,Construction & Engineering,"Pasadena, California"
JBHT,J. B. Hunt Transport Services,Industrials,325.49,91.41,64.07,6.19,0,3.62,57.05,93.98,Trucking,"Lowell, Arkansas"
SJM,JM Smucker,Consumer Staples,10.75,28.15,13.02,1.53,1.11,2.16,21.17,29.21,Packaged Foods & Meats,"Orrville, Ohio"
JNJ,Johnson & Johnson,Health Care,9.49,89,38.31,4.43,1.12,4.08,79.05,100.69,Health Care Equipment,"New Brunswick, New Jersey"
JCI,Johnson Controls International,Industrials,26.03,74.14,5.44,1.96,2.25,2,70.74,87.16,Building Products,"Cork, Ireland"
JPM,JPMorgan Chase & Co.,Financials,20.15,18.79,12.58,0.8,0,4.31,10.21,19.53,Diversified Banks,"New York, New York"
JNPR,Juniper Networks,Information Technology,47.52,133.38,-0.29,5.99,4.08,2.61,111.3,138.87,Communications Equipment,"Sunnyvale, California"
KSU,Kansas City Southern,Industrials,9.68,22.75,12.37,0.79,0.7661399999999999,8.41,22.73,32.24,Railroads,"Kansas City, Missouri"
K,Kellogg Co.,Consumer Staples,48.29,21.63,15.44,0.25,6.16,3.72,16.63,23.36,Packaged Foods & Meats,"Battle Creek, Michigan"
KEY,KeyCorp,Financials,14.27,91.04,6.16,5.5,1.25,4.37,66.88,91.65,Regional Banks,"Cleveland, Ohio"
KMB,Kimberly-Clark,Consumer Staples,6.87,39.51,29.75,3.11,2.31,0.37,33.87,59.67,Household Products,"Irving, Texas"
KIM,Kimco Realty,Real Estate,110.52,90.8,47.15,2.81,8.57,4.19,75.55,97.77,Retail REITs,"New Hyde Park, New York"
KMI,Kinder Morgan,Energy,26.62,28.81,7.26,2.05,5.78,0.24,28.71,39.22,Oil & Gas Storage & Transportation,"Houston, Texas"
KLAC,KLA-Tencor Corp.,Information Technology,14.35,50.17,-4.16,3.98,2.51,1.17,47.93,88.77,Semiconductor Equipment,"Milpitas, California"
KSS,Kohl's Corp.,Consumer Discretionary,13.15,169.07,58.95,9.01,1.23,1.25,115.75,171.24,General Merchandise Stores,"Menomonee Falls, Wisconsin"
KHC,Kraft Heinz Co,Consumer Staples,14.54,142.09,53.61,7.02,1.83,1.54,109.87,143.7,Packaged Foods & Meats,"Pittsburgh, Pennsylvania"
KR,Kroger Co.,Consumer Staples,19.12,117.43,39.39,5.58,1.62,3.02,72,119.91,Food Retail,"Cincinnati, Ohio"
LB,L Brands Inc.,Consumer Discretionary,6.63,48.83,8.18,2.76,0.5892000000000001,1.77,44.02,54.62,Apparel Retail,"Columbus, Ohio"
LLL,L-3 Communications Holdings,Industrials,11.89,50.71,29.97,3.93,1.34,1.07,39.68,50.81,Aerospace & Defense,"New York, New York"
LH,Laboratory Corp. of America Holding,Health Care,9.59,26.66,28.18,0.34,1.25,0.88,14.31,27.33,Health Care Services,"Burlington, North Carolina"
LRCX,Lam Research,Information Technology,20,55.46,30.32,1.87,2.67,2.48,44.01,60.12,Semiconductor Equipment,"Fremont, California"
LEG,Leggett & Platt,Consumer Discretionary,86.95,82.74,13.33,2.58,5.37,4.15,64.18,84.28,Home Furnishings,"Carthage, Missouri"
LEN,Lennar Corp.,Consumer Discretionary,15.6,69.25,63.97,5.03,1.8,1.18,35.27,73.31,Homebuilding,"Miami, Florida"
LVLT,Level 3 Communications,Telecommunication Services,15.73,65.33,7.81,2.04,0.7259800000000001,10.61,42.65,65.76,Alternative Carriers,"Broomfield, Colorado"
LUK,Leucadia National Corp.,Financials,9.51,30.89,11.19,1.5,1,1.12,29.37,36.35,Multi-Sector Holdings,"New York, New York"
LLY,Lilly (Eli) & Co.,Health Care,77.75,269.04,5.23,17.49,6.11,1.64,214.81,270,Pharmaceuticals,"Indianapolis, Indiana"
LNC,Lincoln National,Financials,15.97,47.45,53.96,1.93,2.94,1.22,36.05,48.05,Multi-line Insurance,"Radnor, Pennsylvania"
LKQ,LKQ Corporation,Consumer Discretionary,70.01,80.84,7.43,3.47,7.44,1.08,64.87,83.65,Distributors,"Chicago, Illinois"
LMT,Lockheed Martin Corp.,Industrials,36.72,91.23,14.97,9.13,6.07,1.26,69.82,97.64,Aerospace & Defense,"Bethesda, Maryland"
L,Loews Corp.,Financials,25.71,166.73,97.66,7.78,0,5.04,106.05,173.72,Multi-line Insurance,"New York, New York"
LOW,Lowe's Cos.,Consumer Discretionary,9.39,65.27,28.52,3.52,0.64491,8.73,64.55,94.51,Home Improvement Retail,"Mooresville, North Carolina"
LYB,LyondellBasell,Materials,9.37,30.81,14.22,1.99,2.9,0.36,28.55,45.5,Specialty Chemicals,"Rotterdam, Netherlands"
MTB,M&T Bank Corp.,Financials,5.2,49.71,47.62,2.58,1.48,1.58,42.67,85.83,Regional Banks,"Buffalo, New York"
MAC,Macerich,Real Estate,13.79,16.28,20.71,-2.61,1.2,3.41,9.65,19.28,Retail REITs,"Santa Monica, California"
M,Macy's Inc.,Consumer Discretionary,26.47,50.15,25.68,2.21,4.66,0.48,32.02,54.59,Department Stores,"Cincinnati, Ohio"
MNK,Mallinckrodt Plc,Health Care,33.04,86.15,13.88,2.64,2,9.43,60.87,91.07,Pharmaceuticals,"Dublin, Ireland"
MRO,Marathon Oil Corp.,Energy,37.91,73.62,12.03,3.38,3.1,2.88,57.11,74.76,Oil & Gas Exploration & Production,"Houston, Texas"
MPC,Marathon Petroleum,Energy,13.24,209.93,65.53,6.63,0.9546699999999999,3.79,150.75,243.98,Oil & Gas Refining & Marketing,"Findlay, Ohio"
MAR,Marriott Int'l.,Consumer Discretionary,10.57,33.25,-0.94,1.47,1.19,1.45,28.66,37.38,"Hotels, Resorts & Cruise Lines","Bethesda, Maryland"
MMC,Marsh & McLennan,Financials,119.61,110.96,5.23,3.69,6.25,11.14,85.93,112.92,Insurance Brokers,"New York, New York"
MLM,Martin Marietta Materials,Materials,8.57,25.02,7.03,0.92,0.82347,1.6,25,34.76,Construction Materials,"Raleigh, North Carolina"
MAS,Masco Corp.,Industrials,12.39,99,12.98,3.69,0.7541,2.82,88.64,107.84,Building Products,"Taylor, Michigan"
MA,Mastercard Inc.,Information Technology,104.89,128.07,-2.69,5.44,9.34,4.26,110.33,131.96,Internet Software & Services,"Harrison, New York"
MAT,Mattel Inc.,Consumer Discretionary,31.22,147.24,36.27,8.43,4.62,0.16,114.53,199.43,Leisure Products,"El Segundo, California"
MKC,McCormick & Co.,Consumer Staples,16.2,88.33,-2.8,2.92,1.01,4.33,69.25,94.4,Packaged Foods & Meats,"Sparks, Maryland"
MCD,McDonald's Corp.,Consumer Discretionary,111.7,81.4,35.99,2.83,8.89,3.81,69.35,89.27,Restaurants,"Oak Brook, Illinois"
MCK,McKesson Corp.,Health Care,181.1,65.96,14.58,1.41,12,4.58,51.33,66.8,Health Care Distributors,"San Francisco, California"
MJN,Mead Johnson,Consumer Staples,58.01,53.35,61.44,0.63,1.57,0.93,36.17,58.09,Packaged Foods & Meats,"Glenview, Illinois"
MDT,Medtronic plc,Health Care,12.48,481.3,16.72,14.22,0.58824,4.96,325.7,488.5,Health Care Equipment,"Dublin, Ireland"
MRK,Merck & Co.,Health Care,5.84,36.02,11.42,4.38,1.22,1.28,34.92,59.49,Pharmaceuticals,"Whitehouse Station, New Jersey"
MET,MetLife Inc.,Financials,15.98,73.84,11.86,0.41,0.9251,5.22,45.9,76.5,Life & Health Insurance,"New York, New York"
MTD,Mettler Toledo,Health Care,28.27,25.64,11.8,-0.3,3.39,2.18,9.35,25.92,Life Sciences Tools & Services,"Columbus, Ohio"
KORS,Michael Kors Holdings,Consumer Discretionary,497.65,64.4,8.9,2.12,27.74,5.8,48.03,65.91,"Apparel, Accessories & Luxury Goods","New York, New York"
MCHP,Microchip Technology,Information Technology,11.44,100.78,56.41,2.69,0.6362599999999999,10.16,85.04,110.01,Semiconductors,"Chandler, Arizona"
MU,Micron Technology,Information Technology,16.86,227.3,77.88,49.9,1.7,1.89,175.52,233.7,Semiconductors,"Boise, Idaho"
MSFT,Microsoft Corp.,Information Technology,20.85,96.99,53.13,9.26,0.851,4.32,88.24,112.19,Systems Software,"Redmond, Washington"
MAA,Mid-America Apartments,Real Estate,66,43.23,16.46,1.05,4.24,2.57,39.21,46.4,Residential REITs,"Memphis, Tennessee"
MHK,Mohawk Industries,Consumer Discretionary,50.46,115.06,10.04,3.65,4.01,3.61,83.73,116.04,Home Furnishings,"Amsterdam, New York"
TAP,Molson Coors Brewing Company,Consumer Staples,26.46,46.7,5.88,1.19,1.21,8.73,40.3,55.5,Brewers,"Denver, Colorado"
MDLZ,Mondelez International,Consumer Staples,21.5,112.66,-6.42,1.36,1.64,5.94,87.3,114.03,Packaged Foods & Meats,"Northfield, Illinois"
MON,Monsanto Co.,Materials,86.46,46.33,36.99,2.92,0,2.51,23.11,47.17,Fertilizers & Agricultural Chemicals,"Creve Coeur, Missouri"
MNST,Monster Beverage,Consumer Staples,13.12,79.66,-5.85,3.24,1.54,2.18,62.76,87.55,Soft Drinks,"Corona, California"
MCO,Moody's Corp,Financials,4.78,27.74,28.55,-1.6,0.88273,2.69,21.35,37.48,Financial Exchanges & Data,"New York, New York"
MS,Morgan Stanley,Financials,23.2,43.33,20.76,0.92,3.53,2.13,33.6,50.4,Investment Banking & Brokerage,"New York, New York"
MOS,The Mosaic Company,Materials,11.83,70.93,32.6,0.64,1.16,3.21,61.19,72.52,Fertilizers & Agricultural Chemicals,"Plymouth, Minnesota"
MSI,Motorola Solutions Inc.,Information Technology,14.88,39.3,36.82,-6.41,-0.736,2.08,26.86,43.63,Communications Equipment,"Schaumburg, Illinois"
MUR,Murphy Oil,Energy,4.23,14.54,12.72,2.12,0,2.03,11.01,17.95,Integrated Oil & Gas,"El Dorado, Arkansas"
MYL,Mylan N.V.,Health Care,11.56,42.66,9.94,1.1,0.768,2.13,22.5,43.14,Pharmaceuticals,"Amsterdam, Netherlands"
NDAQ,"Nasdaq, Inc.",Financials,60.87,141.43,6.23,0.43,0.43732,6.92,84.5,145.95,Financial Exchanges & Data,"New York, New York"
NOV,National Oilwell Varco Inc.,Energy,23.41,48.53,23.52,1.25,2.39,1.78,38.82,55.45,Oil & Gas Equipment & Services,"Houston, Texas"
NAVI,Navient,Financials,7.08,35.86,4.75,-6.37,0.536,4.85,29.22,50,Consumer Finance,"Wilmington, Delaware"
NTAP,NetApp,Information Technology,17.52,32.98,20.17,-1.18,2.59,2.61,24.59,46.07,Internet Software & Services,"Sunnyvale, California"
NFLX,Netflix Inc.,Information Technology,7.36,12.66,18.84,-0.63,0.669,0.92,10.54,14.68,Internet Software & Services,"Los Gatos, California"
NWL,Newell Brands,Consumer Discretionary,7.56,13,18.84,-0.63,0.669,0.94,10.9,15.22,Housewares & Specialties,"Sandy Springs, Georgia"
NFX,Newfield Exploration Co,Energy,61.09,130.65,52.01,6.25,7.67,3.78,110.49,131.98,Oil & Gas Exploration & Production,"Houston, Texas"
NEM,Newmont Mining Corporation,Materials,15.91,44.5,11.48,1.39,1.62,2.52,40.28,55.94,Gold,"Denver, Colorado"
NWSA,News Corp. Class A,Consumer Discretionary,93.56,56.55,7.44,2.27,5.18,2.8,49.01,65.44,Publishing,"New York, New York"
NWS,News Corp. Class B,Consumer Discretionary,7.6,23.5,12.6,1.02,1.36,1.7,21.17,26.94,Publishing,"New York, New York"
NEE,NextEra Energy,Utilities,15.5,35.88,21.5,-2.32,0.852,4.69,28.82,42.03,Multi-Utilities,"Juno Beach, Florida"
NLSN,Nielsen Holdings,Industrials,7.49,44.03,5.12,2.02,1.65,0.52,35.01,62.82,Research & Consulting Services,"New York, New York"
NKE,Nike,Consumer Discretionary,35.45,122,42.73,5.62,4.1,3.61,74.7,125,"Apparel, Accessories & Luxury Goods","Washington County, Oregon"
NI,NiSource Inc.,Utilities,20.22,88.39,38.88,4.32,0,4.02,61.32,91.14,Multi-Utilities,"Merrillville, Indiana"
NBL,Noble Energy Inc,Energy,42.56,243.78,30.04,12.19,3.65,1.73,186.41,253.8,Oil & Gas Exploration & Production,"Houston, Texas"
JWN,Nordstrom,Consumer Discretionary,5.4,17.1,6.47,-2.22,2.75,0.44,9.84,18.32,Department Stores,"Seattle, Washington"
NSC,Norfolk Southern Corp.,Industrials,19.43,60.93,24.72,2.48,2.15,1.24,43.28,68,Railroads,"Norfolk, Virginia"
NTRS,Northern Trust Corp.,Financials,58.16,98.74,9.85,2.57,2.13,8.33,31.04,120.92,Asset Management & Custody Banks,"Chicago, Illinois"
NOC,Northrop Grumman Corp.,Industrials,24.73,269.82,17.52,10.73,1.92,2.87,248.02,292.84,Aerospace & Defense,"West Falls Church, Virginia"
NRG,NRG Energy,Utilities,49.45,64.7,28.13,-0.75,2.69,4.9,64.19,78.48,Independent Power Producers & Energy Traders,"Princeton, New Jersey"
NUE,Nucor Corp.,Materials,19.72,84.09,9.21,4.78,2.3,1.28,75.61,89.66,Steel,"Charlotte, North Carolina"
NVDA,Nvidia Corporation,Information Technology,11.92,56.58,0.9,1.66,1.67,1.34,25.61,59.47,Semiconductors,"Santa Clara, California"
ORLY,O'Reilly Automotive,Consumer Discretionary,174.76,42.6,11.81,2.1,14.6,4.69,37.51,43.26,Specialty Stores,"Springfield, Missouri"
OXY,Occidental Petroleum,Energy,23.71,67.57,19.33,1.48,2.43,1.41,48.17,70.12,Oil & Gas Exploration & Production,"Los Angeles, California"
OMC,Omnicom Group,Consumer Discretionary,20.99,157.49,33.97,6.48,1.6,1.88,99.1,159.05,Advertising,"New York, New York"
OKE,ONEOK,Energy,4.18,44.15,14.63,1.82,0.39844,0.74,36.46,50.4,Oil & Gas Storage & Transportation,"Tulsa, Oklahoma"
ORCL,Oracle Corp.,Information Technology,22.31,62.16,5.06,2.15,1.31,7.31,51.06,63.01,Application Software,"Redwood Shores, California"
PCAR,PACCAR Inc.,Industrials,51.79,42.89,12.19,1.15,2.1,4.77,34,44.52,Construction Machinery & Heavy Trucks,"Bellevue, Washington"
PH,Parker-Hannifin,Industrials,10.71,58.9,23.41,2.86,0.9195,2.19,48.87,66.99,Industrial Machinery,"Cleveland, Ohio"
PDCO,Patterson Companies,Health Care,5.9,19.09,15.85,0.92,0,4.65,13.8,20.13,Health Care Supplies,"St. Paul, Minnesota"
PAYX,Paychex Inc.,Information Technology,156.02,109.32,7.88,4.36,12.11,2.49,98.5,110.94,Internet Software & Services,"Penfield, New York"
PYPL,PayPal,Information Technology,5.94,54.08,19.65,2.13,0.40594,2.82,45.35,57.28,Data Processing & Outsourced Services,"San Jose, California"
PNR,Pentair Ltd.,Industrials,10.08,70.3,60.47,-10.08,1.34,1.76,69,140.65,Industrial Machinery,"Worsley, UK"
PBCT,People's United Financial,Financials,202.3,33.99,9.81,1.17,19.81,3.87,28.74,37.39,Thrifts & Mortgage Finance,"Bridgeport, Connecticut"
PEP,PepsiCo Inc.,Consumer Staples,33.65,66.26,35.39,2.78,5.16,1.89,56.39,66.93,Soft Drinks,"Purchase, New York"
PKI,PerkinElmer,Health Care,171.51,110.55,-8.18,4.48,11.56,6.38,86.78,110.64,Health Care Equipment,"Waltham, Massachusetts"
PRGO,Perrigo,Health Care,40.12,77.48,43.16,2.92,2.24,0.57,73.67,90.87,Pharmaceuticals,"Dublin, Ireland"
PFE,Pfizer Inc.,Health Care,9.19,82.54,43.15,3.95,1.42,2.64,69.8,83.77,Pharmaceuticals,"New York, New York"
PCG,PG&E Corp.,Utilities,32.93,193.94,61.3,-3.35,0.776,8.34,124.3,199.83,Multi-Utilities,"San Francisco, California"
PM,Philip Morris International,Consumer Staples,61.94,127.4,94.22,7.3,0,4.21,77.4,131.83,Tobacco,"New York, New York"
PSX,Phillips 66,Energy,6.51,79.14,43.92,1.75,1.01,0.94,75.62,114,Oil & Gas Refining & Marketing,"Houston, Texas"
PNW,Pinnacle West Capital,Utilities,25.91,100.78,18.75,3.28,2.56,1.76,89.64,117,Multi-Utilities,"Phoenix, Arizona"
PXD,Pioneer Natural Resources,Energy,25.04,36.79,14.56,2.79,4.05,3.33,32.08,39.92,Oil & Gas Exploration & Production,"Irving, Texas"
PNC,PNC Financial Services,Financials,33.86,118.79,17.62,5.21,3.44,3.19,105.92,125,Regional Banks,"Pittsburgh, Pennsylvania"
RL,Polo Ralph Lauren Corp.,Consumer Discretionary,85.38,1736.46,199.64,42.65,4.15,7.92,1148.06,1748.39,"Apparel, Accessories & Luxury Goods","New York, New York"
PPG,PPG Industries,Materials,18.12,63.04,35.55,4.5,1.95,1.47,37.69,64.31,Specialty Chemicals,"Pittsburgh, Pennsylvania"
PPL,PPL Corp.,Utilities,230.82,90.29,20.35,5.46,17.77,3.54,79.1,91.89,Electric Utilities,"Allentown, Pennsylvania"
PX,Praxair Inc.,Materials,22.84,39.32,13.72,1.76,1.81,0.98,30.54,39.94,Industrial Gases,"Danbury, Connecticut"
PCLN,Priceline.com Inc,Consumer Discretionary,26.76,50.55,28.21,2.27,1.81,9.78,40.88,54.87,Internet & Direct Marketing Retail,"Norwalk, Connecticut"
PFG,Principal Financial Group,Financials,47.83,111.24,106.76,9.71,7.5,0.8,66.51,114.55,Life & Health Insurance,"Des Moines, Iowa"
PG,Procter & Gamble,Consumer Staples,22.77,44.98,26.01,1.75,3.37,2.52,39.28,47.41,Personal Products,"Cincinnati, Ohio"
PGR,Progressive Corp.,Financials,39.59,228.01,29.11,6.81,1.86,15.12,200.65,277.6,Property & Casualty Insurance,"Mayfield Village, Ohio"
PLD,Prologis,Real Estate,7.24,22.79,14.6,1.75,1.03,0.93,16.6,22.94,Industrial REITs,"San Francisco, California"
PRU,Prudential Financial,Financials,7.11,89.75,60.33,7.15,1.07,0.87,82.1,115.4,Life & Health Insurance,"Newark, New Jersey"
PEG,Public Serv. Enterprise Inc.,Utilities,8.46,66.89,38.49,-0.75,0.83108,2.8,43.79,68.66,Electric Utilities,"Newark, New Jersey"
PSA,Public Storage,Real Estate,83.79,56.73,21.12,3.28,8.55,3.51,49.67,71.62,Specialized REITs,"Glendale, California"
PHM,Pulte Homes Inc.,Consumer Discretionary,5.68,37.53,22.08,1.26,0.5442,0.74,21.52,38.82,Homebuilding,"Atlanta, Georgia"
PVH,PVH Corp.,Consumer Discretionary,13.5,98.17,33.78,4.51,1.41,1.8,67.36,98.75,"Apparel, Accessories & Luxury Goods","New York, New York"
QRVO,Qorvo,Information Technology,6.81,27.91,22.16,-2.75,0.01157,5.1,27.07,46.96,Semiconductors,"Greensboro, North Carolina"
PWR,Quanta Services Inc.,Industrials,45.24,154.48,34.38,7.44,3.69,1.87,120.24,156.4,Construction & Engineering,"Houston, Texas"
QCOM,QUALCOMM Inc.,Information Technology,15.57,59.84,24.49,1.13,0.99764,14.07,52.72,72.29,Semiconductors,"San Diego, California"
DGX,Quest Diagnostics,Health Care,14.61,81.97,7.12,1.31,0.39837,6.29,68.54,85.01,Health Care Services,"Madison, New Jersey"
RRC,Range Resources Corp.,Energy,6.84,65.72,21.76,1.42,0.40428,10.74,65.16,85.35,Oil & Gas Exploration & Production,"Fort Worth, Texas"
RJF,Raymond James Financial Inc.,Financials,39.29,372.52,42.19,7.7,1.44,8.29,325.35,452.96,Investment Banking & Brokerage,"St. Petersburg, Florida"
RTN,Raytheon Co.,Industrials,18.38,15.25,13.05,0.87,0,3.44,7.53,16.03,Aerospace & Defense,"Waltham, Massachusetts"
O,Realty Income Corporation,Real Estate,21.05,62.08,22.66,1.78,2.65,2.24,45.56,62.39,Retail REITs,"San Diego, California"
RHT,Red Hat Inc.,Information Technology,87.24,61.18,15.23,4.25,6.03,6.99,43.38,61.96,Systems Software,"Raleigh, North Carolina"
REG,Regency Centers Corporation,Real Estate,6.07,47.53,8.5,2.67,0.61754,1.15,34.34,50.98,Retail REITs,"Jacksonville, Florida"
REGN,Regeneron,Health Care,19.75,153.58,15.94,5.81,1.19,3.31,104.48,156.11,Biotechnology,"Tarrytown, New York"
RF,Regions Financial Corp.,Financials,12.75,97.47,16.85,5.59,1.22,2.41,78.54,98.12,Regional Banks,"Birmingham, Alabama"
RSG,Republic Services Inc,Industrials,21.57,211.75,56.94,6.43,1.3,5.71,159.28,213.39,Environmental & Facilities Services,"Phoenix, Arizona"
RAI,Reynolds American Inc.,Consumer Staples,25.96,66.87,7.08,2.83,2.11,2.03,52,69.81,Tobacco,"Winston-Salem, North Carolina"
RHI,Robert Half International,Industrials,20.31,94.54,42.51,5.93,2.38,2.4,64.95,97.67,Human Resource & Employment Services,"Menlo Park, California"
ROK,Rockwell Automation Inc.,Industrials,4.07,76.07,38.39,4.9,1.81,0.61,56.98,85.42,Electrical Components & Equipment,"Milwaukee, Wisconsin"
COL,Rockwell Collins,Industrials,33.77,130.69,2.52,7.94,2.47,5.95,92.03,131.26,Aerospace & Defense,"Cedar Rapids, Iowa"
ROP,Roper Technologies,Industrials,58.16,82.97,10.7,0.26,0.69647,6.89,66.43,84.48,Industrial Conglomerates,"Sarasota, Florida"
ROST,Ross Stores,Consumer Discretionary,9.98,69.81,40.06,4.16,1.6,2.38,64.5,76.41,Apparel Retail,"Pleasanton, California"
RCL,Royal Caribbean Cruises Ltd,Consumer Discretionary,111.25,79.95,29.52,-1.24,6.38,4.04,71.34,87.84,"Hotels, Resorts & Cruise Lines","Miami, Florida"
R,Ryder System,Industrials,10.14,78.34,14.69,5.18,1.52,2.97,58.73,83.42,Trucking,"Miami, Florida"
CRM,Salesforce.com,Information Technology,14.25,48.28,5.16,1.71,1.71,1.31,18.42,49.79,Internet Software & Services,"San Francisco, California"
SCG,SCANA Corp,Utilities,8.59,44.41,3.15,2.46,1.04,1.29,42.01,52.83,Multi-Utilities,"Cayce, South Carolina"
SLB,Schlumberger Ltd.,Energy,27.71,110.58,51.77,5.46,2.94,2.7,92.95,114.66,Oil & Gas Equipment & Services,"Curaao, Kingdom of the Netherlands"
SNI,Scripps Networks Interactive Inc.,Consumer Discretionary,28.74,310.58,20.3,11.99,1.98,2.43,239.48,316.66,Cable & Satellite,"Cincinnati, Ohio"
STX,Seagate Technology,Information Technology,4.4,63.25,32.06,6.68,0.9051,0.67,62.1,125.45,"Technology Hardware, Storage & Peripherals","Dublin, Ireland"
SEE,Sealed Air,Materials,55.5,177.29,13.63,5.87,4,10.3,173.11,229.1,Paper Packaging,"Elmwood Park, New Jersey"
SRE,Sempra Energy,Utilities,17.58,95.05,19.81,4.73,1.37,5.39,57.11,97.57,Multi-Utilities,"San Diego, California"
SHW,Sherwin-Williams,Materials,11.28,112.12,70.63,2.34,0.9825900000000001,6.37,91.03,120.63,Specialty Chemicals,"Cleveland, Ohio"
SIG,Signet Jewelers,Consumer Discretionary,9.77,168.46,45.16,9.2,0.9267000000000001,2.64,145.17,181.73,Specialty Stores,"Hamilton, Bermuda"
SPG,Simon Property Group Inc,Real Estate,49.95,50.4,25,2.55,7.63,2.5,46.2,54.64,Retail REITs,"Indianapolis, Indiana"
SWKS,Skyworks Solutions,Information Technology,34.96,56.83,13.72,3.55,5.27,1.73,35.42,59.68,Semiconductors,"Woburn, Massachusetts"
SLG,SL Green Realty,Real Estate,3.74,7.61,1.86,-6.32,0.301,1.6,6.62,15.59,Office REITs,"New York, New York"
SNA,Snap-On Inc.,Consumer Discretionary,19.52,127.91,41.73,6.51,1.88,1.72,97.47,130.47,Household Appliances,"Kenosha, Wisconsin"
SO,Southern Co.,Utilities,5.71,8.78,7.14,-0.71,1.36,0.28,7.24,11.37,Electric Utilities,"Atlanta, Georgia"
LUV,Southwest Airlines,Industrials,81.91,56.2,3.98,1.95,4.95,3.81,50.84,61.64,Airlines,"Dallas, Texas"
SPGI,"S&P Global, Inc.",Financials,30.4,79.6,47.19,4.97,0,2.98,50.6,83.49,Financial Exchanges & Data,"New York, New York"
SWK,Stanley Black & Decker,Consumer Discretionary,6.91,80.86,32.83,2.08,0.8185399999999999,1.91,71.52,128.94,Household Appliances,"New Britain, Connecticut"
SPLS,Staples Inc.,Consumer Discretionary,48.15,129.14,25.47,4.35,3.11,4.27,102.31,131.36,Specialty Stores,"Framingham, Massachusetts"
SBUX,Starbucks Corp.,Consumer Discretionary,29.33,59.72,45.38,3.6,0,3.59,34.79,61.69,Restaurants,"Seattle, Washington"
STT,State Street Corp.,Financials,18.13,29.29,6.38,3.32,0.875,4.77,16.14,29.47,Asset Management & Custody Banks,"Boston, Massachusetts"
SRCL,Stericycle Inc,Industrials,28.86,35.6,17.37,2.71,0,4.13,23.25,38.06,Environmental & Facilities Services,"Lake Forest, Illinois"
SYK,Stryker Corp.,Health Care,28.25,52.3,4.58,1.83,3,0.53,44.71,57.07,Health Care Equipment,"Kalamazoo, Michigan"
STI,SunTrust Banks,Financials,17.26,70.9,20.46,4.75,1.93,4.1,62.97,79,Regional Banks,"Atlanta, Georgia"
SYMC,Symantec Corp.,Information Technology,30.67,55.14,19.69,4.7,7.27,0.45,55.05,84.14,Application Software,"Mountain View, California"
SYF,Synchrony Financial,Financials,26.42,74.36,24.86,5.72,2.63,2.11,54.54,76.49,Consumer Finance,"Stamford, Connecticut"
SNPS,Synopsys Inc.,Information Technology,5.54,25.82,10.59,1.99,1.21,1.67,17.91,26.65,Application Software,"Mountain View, California"
SYY,Sysco Corp.,Consumer Staples,4.06,31.09,7.43,0.95,0.38,1.76,24.21,33.32,Food Distributors,"Houston, Texas"
TROW,T. Rowe Price Group,Financials,9.75,83.46,46.79,6.12,2.09,0.41,69.49,93.5,Asset Management & Custody Banks,"Baltimore, Maryland"
TGT,Target Corp.,Consumer Discretionary,79.09,79.12,10.52,3.48,5.7,5.86,54.54,80.37,General Merchandise Stores,"Minneapolis, Minnesota"
TEL,TE Connectivity Ltd.,Information Technology,12.92,47.85,20.62,3.53,1.59,0.94,32.55,50.93,Electronic Manufacturing Services,"Schaffhausen, Switzerland"
FTI,TechnipFMC,Energy,49.46,47.67,33.67,3.15,0,3.26,35.44,49.54,Oil & Gas Equipment & Services,"London, United Kingdom"
TGNA,"Tegna, Inc.",Consumer Discretionary,17.56,136.91,2.11,4.99,1.22,2.99,111.24,140.47,Publishing,"McLean, Virginia"
TDC,Teradata Corp.,Information Technology,9.56,193.46,57.07,6.07,0.6285700000000001,4.77,141.67,201.83,Application Software,"Miamisburg, Ohio"
TSO,Tesoro Petroleum Co.,Energy,22.97,108.15,3.7,3.34,1.62,3.1,87.92,117.79,Oil & Gas Refining & Marketing,"San Antonio, Texas"
TXN,Texas Instruments,Information Technology,10.22,29.18,27.37,0.85,1.2,1.45,22.77,34.36,Semiconductors,"Dallas, Texas"
TXT,Textron Inc.,Industrials,34.16,122.14,83.05,10.28,5.12,1.24,103.45,125.49,Aerospace & Defense,"Providence, Rhode Island"
TMO,Thermo Fisher Scientific,Health Care,175.3,110.86,27.01,5.54,16.78,3.17,90.32,111.99,Health Care Equipment,"Waltham, Massachusetts"
TIF,Tiffany & Co.,Consumer Discretionary,61.39,157.26,54.74,5.09,4.53,3.37,136.58,160.89,"Apparel, Accessories & Luxury Goods","New York, New York"
TWX,Time Warner Inc.,Consumer Discretionary,11.05,88.76,23.37,3.57,0.9348,2.81,56.99,92.74,Cable & Satellite,"New York, New York"
TJX,TJX Companies Inc.,Consumer Discretionary,76.07,98.24,31.52,4.95,8.57,2.59,67.85,99.29,Apparel Retail,"Framingham, Massachusetts"
TMK,Torchmark Corp.,Financials,51.47,78.3,6.86,3.46,4.51,1.56,71.5,83.64,Life & Health Insurance,"McKinney, Texas"
TSS,Total System Services,Information Technology,9.19,78.03,38.69,4.49,0.86538,2.33,52.19,79.05,Internet Software & Services,"Columbus, Georgia"
TSCO,Tractor Supply Company,Consumer Discretionary,9.95,54.26,11.45,1.73,0.85436,2.38,43.67,56.54,Specialty Stores,"Brentwood, Tennessee"
TDG,TransDigm Group,Industrials,9.34,71.43,11.11,3.27,0.83984,1.38,61.5,97.25,Aerospace & Defense,"Cleveland, Ohio"
RIG,Transocean,Energy,12.82,242.56,-35.1,8.56,1.51,3.98,214.65,294.38,Oil & Gas Drilling,"Vernier, Switzerland"
TRV,The Travelers Companies Inc.,Financials,4.67,12.78,41.27,2.1,1.69,1.27,8.34,16.66,Property & Casualty Insurance,"New York, New York"
TRIP,TripAdvisor,Consumer Discretionary,5.96,41.31,10.42,0.82,0.215,4.05,40.45,71.69,Internet & Direct Marketing Retail,"Newton, Massachusetts"
FOXA,Twenty-First Century Fox Class A,Consumer Discretionary,56.49,30.52,7.75,1.64,6.95,2.02,23.33,31.75,Publishing,"New York, New York"
FOX,Twenty-First Century Fox Class B,Consumer Discretionary,55.73,30.11,7.75,1.64,6.95,1.99,23.88,31.3,Publishing,"New York, New York"
TSN,Tyson Foods,Consumer Staples,22.72,61.89,26.01,4.96,3.78,0.62,55.72,77.05,Packaged Foods & Meats,"Springdale, Arkansas"
UDR,UDR Inc,Real Estate,93.22,55.03,24.63,3.24,0,4.84,38.47,56.61,Residential REITs,"Highlands Ranch, Colorado"
ULTA,Ulta Salon Cosmetics & Fragrance Inc,Consumer Discretionary,9.69,36.23,11.4,1.08,0.60553,10.02,32.79,38.61,Specialty Stores,"Bolingbrook, Illinois"
USB,U.S. Bancorp,Financials,16.8,269.92,23.3,5.97,0.7970900000000001,3.78,158.21,281.17,Diversified Banks,"Minneapolis, Minnesota"
UA,Under Armour Class C,Consumer Discretionary,7.94,18.11,4.63,0.44,0.56224,1.66,17.77,46.2,"Apparel, Accessories & Luxury Goods","Baltimore, Maryland"
UAA,Under Armour Class A,Consumer Discretionary,8.63,19.69,4.63,0.44,0.56224,1.82,19.26,47.94,"Apparel, Accessories & Luxury Goods","Baltimore, Maryland"
UNP,Union Pacific,Industrials,88.18,108.36,24.43,5.07,9.31,4.47,77.29,111.38,Railroads,"Omaha, Nebraska"
UAL,United Continental Holdings,Industrials,22.85,72.64,27.52,6.85,6.85,0.63,37.41,76.8,Airlines,"Chicago, Illinois"
UNH,United Health Group Inc.,Health Care,160.08,168.3,40.2,7.25,14.51,0.87,120.41,169.36,Managed Health Care,"Minnetonka, Minnesota"
UPS,United Parcel Service,Industrials,91.91,105.64,0.47,3.87,7.7,1.52,98.85,120.44,Air Freight & Logistics,"Atlanta, Georgia"
URI,"United Rentals, Inc.",Industrials,10.8,128.15,19.57,6.45,1.72,1.9,55.69,134.28,Trading Companies & Distributors,"Stamford, Connecticut"
UTX,United Technologies,Industrials,90.48,112.28,34.1,6.12,10.04,1.57,95.05,114.44,Aerospace & Defense,"Hartford, Connecticut"
UHS,"Universal Health Services, Inc.",Health Care,11.95,123.75,46.91,7.14,1.7,1.25,99.72,139.77,Health Care Facilities,"King of Prussia, Pennsylvania"
UNM,Unum Group,Financials,11.17,48.71,39.02,3.95,1.62,1.01,29.79,50.27,Life & Health Insurance,"Chattanooga, Tennessee"
VFC,V.F. Corp.,Consumer Discretionary,2.95,25.41,10.73,1.92,0.49769,0.85,24.29,40.8,"Apparel, Accessories & Luxury Goods","Greensboro, North Carolina"
VLO,Valero Energy,Energy,21.79,52.62,11.93,2.55,1.93,1.83,48.05,66.91,Oil & Gas Refining & Marketing,"San Antonio, Texas"
VAR,Varian Medical Systems,Health Care,29.6,65.62,44.35,4.93,5.52,0.43,46.88,71.4,Health Care Equipment,"Palo Alto, California"
VTR,Ventas Inc,Real Estate,8.04,86.06,18.45,3.51,0.6334,2.5,66.86,93.97,Health Care REITs,"Chicago, Illinois"
VRSN,Verisign Inc.,Information Technology,22.22,62.67,29.54,1.86,1.83,6.45,55.91,76.8,Internet Software & Services,"Dulles, Virginia"
VRSK,Verisk Analytics,Industrials,8.56,83.66,-11.65,3.42,0.74474,7.54,74.01,91.99,Research & Consulting Services,"Jersey City, New Jersey"
VZ,Verizon Communications,Telecommunication Services,13.61,81.84,7.98,3.46,0.9372,6.91,74.9,87.4,Integrated Telecommunication Services,"New York, New York"
VRTX,Vertex Pharmaceuticals Inc,Health Care,201.55,49.44,5.53,3.21,43.39,1.62,46.01,56.95,Biotechnology,"Cambridge, Massachusetts"
VIAB,Viacom Inc.,Consumer Discretionary,22.69,91.32,4.66,-0.46,0.0634,13.27,71.46,103.73,Cable & Satellite,"New York, New York"
V,Visa Inc.,Information Technology,17.04,42.93,11.23,3.48,2.86,1.32,33.94,46.69,Internet Software & Services,"San Francisco, California"
VNO,Vornado Realty Trust,Real Estate,206.98,89.06,11.2,2.58,11.01,12.94,69.58,89.3,Office REITs,"New York, New York"
VMC,Vulcan Materials,Materials,20.39,107.85,30.99,4.34,1.4,7.65,86.35,111.72,Construction Materials,"Birmingham, Alabama"
WMT,Wal-Mart Stores,Consumer Staples,15.67,118.37,34.55,3.09,0.94985,4.43,101.58,138.18,Hypermarkets & Super Centers,"Bentonville, Arkansas"
WBA,Walgreens Boots Alliance,Consumer Staples,214.15,69.87,25.38,4.38,32.84,0.44,62.72,75.19,Drug Retail,"Deerfield, Illinois"
DIS,The Walt Disney Company,Consumer Discretionary,92.82,85.99,27.17,3.78,7.89,0.79,75.74,88,Cable & Satellite,"Burbank, California"
WM,Waste Management Inc.,Industrials,31.97,72.7,12.06,2.65,3.71,2.36,56.05,73.65,Environmental & Facilities Services,"Houston, Texas"
WAT,Waters Corporation,Health Care,12.28,153.36,28.77,6.41,0.7273099999999999,5.67,126.61,162.53,Health Care Distributors,"Milford, Massachusetts"
WEC,Wec Energy Group Inc,Utilities,18.71,59.29,28.29,2.96,2.44,2.5,53.66,66.1,Electric Utilities,"Milwaukee, Wisconsin"
WFC,Wells Fargo,Financials,291.7,58.3,35.21,3.99,0,3.47,43.55,59.99,Diversified Banks,"San Francisco, California"
HCN,Welltower Inc.,Real Estate,24.83,68.49,38.06,2.81,2.11,5.94,59.39,80.19,Health Care REITs,"Toledo, Ohio"
WDC,Western Digital,Information Technology,22.12,76.8,37.26,-1.59,2.89,1.39,34.99,81.67,"Technology Hardware, Storage & Peripherals","Irvine, California"
WU,Western Union Co,Information Technology,9.57,19.9,1.87,0.51,1.37,1.76,18.07,22.7,Internet Software & Services,"Englewood, Colorado"
WRK,WestRock Company,Materials,12.79,50.9,38.02,0.54,2.16,0.93,31.05,56.12,Paper Packaging,"Richmond, Virginia"
WY,Weyerhaeuser Corp.,Real Estate,25.07,33.47,12.26,1.4,1.59,3.95,26.55,34.37,Specialized REITs,"Federal Way, Washington"
WHR,Whirlpool Corp.,Consumer Discretionary,13.06,175.38,64.1,11.5,2.18,0.63,145.91,194.1,Household Appliances,"Benton Harbor, Michigan"
WFM,Whole Foods Market,Consumer Staples,9.39,29.47,10.34,1.38,1.37,0.6,27.67,35.58,Food Retail,"Austin, Texas"
WMB,Williams Cos.,Energy,24.3,29.42,6.19,-0.57,3.43,3.29,14.6,32.69,Oil & Gas Storage & Transportation,"Tulsa, Oklahoma"
WLTW,Willis Towers Watson,Financials,17.45,127.63,78.47,2.26,1.58,2.26,112.59,133.4,Insurance Brokers,"London, United Kingdom"
WYN,Wyndham Worldwide,Consumer Discretionary,8.63,82.19,6.76,5.53,1.31,1.68,62.6,86.72,"Hotels, Resorts & Cruise Lines","Parsippany, New Jersey"
WYNN,Wynn Resorts Ltd,Consumer Discretionary,10.11,99.46,1.55,2.38,0.95059,2.28,79.77,109.5,Casinos & Gaming,"Las Vegas, Nevada"
XEL,Xcel Energy Inc,Utilities,22.23,43.82,21.73,2.21,3.65,1.99,38,45.42,Multi-Utilities,"Minneapolis, Minnesota"
XRX,Xerox Corp.,Information Technology,7.48,7.36,4.74,-0.49,1.52,0.7,6.46,11.39,"Technology Hardware, Storage & Peripherals","Norwalk, Connecticut"
XLNX,Xilinx Inc,Information Technology,14.62,58.75,9.97,2.28,0.76713,6.33,41.53,62.24,Semiconductors,"San Jose, California"
XL,XL Capital,Financials,10.63,40.13,40.99,1.56,1.1,1,30.33,41.39,Property & Casualty Insurance,"Hamilton, Bermuda"
XYL,Xylem Inc.,Industrials,8.75,48.78,12.21,1.45,0.615,2.31,37.58,54.99,Industrial Machinery,"White Plains, New York"
YHOO,Yahoo Inc.,Information Technology,43.74,45.73,32.5,-0.23,0.2268,8.45,32.09,46.72,Internet Software & Services,"Sunnyvale, California"
YUM,Yum! Brands Inc,Consumer Discretionary,22.65,64.02,-15.93,4.04,1.96,3.59,59.57,91.99,Restaurants,"Louisville, Kentucky"
ZBH,Zimmer Biomet Holdings,Health Care,23.54,117.07,48.2,1.51,2.8,3.07,95.63,133.21,Health Care Equipment,"Warsaw, Indiana"
ZION,Zions Bancorp,Financials,9.17,45.28,34.1,1.99,0,4.01,23.02,48.33,Regional Banks,"Salt Lake City, Utah"
ZTS,Zoetis,Health Care,26.11,53.07,3.02,1.65,1.7,5.34,39.35,56.5,Pharmaceuticals,"Florham Park, New Jersey"